,City,Lat,Lng,Max Temp,Humidity,Cloudiness,Wind Speed,Country,Date
0,grand river south east,38.8755,-109.5012,79.0,8,1,5.75,US,1617405174
1,castro,-24.7911,-50.0119,58.33,82,4,3.27,BR,1617405174
2,airai,-8.9266,125.4092,61.59,95,100,3.76,TL,1617405174
3,constitucion,-35.3333,-72.4167,57.43,83,25,13.58,CL,1617405174
4,fare,-16.7,-151.0167,81.81,69,0,1.54,PF,1617405175
5,ahipara,-35.1667,173.1667,69.46,63,30,8.28,NZ,1617405175
6,albany,42.6001,-73.9662,37.0,27,100,5.01,US,1617405015
7,port elizabeth,-7.0349,29.7638,71.92,78,1,5.28,CD,1617405176
8,savonlinna,61.8699,28.88,30.2,100,90,3.44,FI,1617405176
9,kysyl-syr,63.8986,122.7617,-4.49,96,100,7.58,RU,1617405176
10,lorengau,-2.0226,147.2712,82.62,78,99,4.5,PG,1617405176
11,panaba,21.2833,-88.2667,73.6,53,100,14.74,MX,1617405177
12,cape town,-36.413,-71.9028,69.8,43,0,6.91,CL,1617405177
13,puerto ayora,36.5939,-6.233,59.0,88,0,3.44,ES,1617405177
14,hobart,-42.8794,147.3294,77.0,29,0,12.66,AU,1617404902
15,tefe,-3.3542,-64.7114,82.4,83,20,3.44,BR,1617405178
16,nemuro,43.3236,145.575,38.97,82,100,19.44,JP,1617405178
17,rikitea,-23.1203,-134.9692,77.45,76,93,10.76,PF,1617405179
18,torbay,47.6666,-52.7314,39.2,93,75,8.05,CA,1617405179
19,severo-kurilsk,50.6789,156.125,30.99,79,29,14.12,RU,1617405179
20,bulihan,14.2697,120.9955,82.0,69,20,5.75,PH,1617405180
21,sept-iles,50.2001,-66.3821,28.99,74,75,11.5,CA,1617404991
22,mataura,-46.1927,168.8643,51.01,80,88,4.0,NZ,1617405180
23,phan rang,19.5539,99.7405,75.2,78,40,2.3,TH,1617405180
24,avarua,-21.2078,-159.775,84.2,74,34,13.8,CK,1617405181
25,bredasdorp,-34.5322,20.0403,48.2,93,46,4.61,ZA,1617405181
26,ushuaia,-54.8,-68.3,48.2,76,75,5.75,AR,1617405181
27,colwyn bay,39.9123,-75.2538,43.0,22,20,20.71,US,1617405182
28,pisco,-13.7,-76.2167,71.6,73,0,8.05,PE,1617405182
29,buala,-8.145,159.5921,85.48,67,67,5.82,SB,1617405182
30,ponta do sol,38.7333,-28.2667,56.71,81,96,24.02,PT,1617405183
31,lavrentiya,65.5833,-171.0,7.81,79,100,13.04,RU,1617405183
32,mogadishu,2.0371,45.3438,81.43,78,27,10.38,SO,1617404952
33,bobrovytsya,50.75,31.3833,39.99,75,0,6.71,UA,1617405183
34,narsaq,60.9167,-46.05,37.4,81,75,3.44,GL,1617405184
35,tiksi,71.6872,128.8694,-15.7,100,100,7.29,RU,1617405184
36,butaritari,3.0707,172.7902,81.99,80,32,16.08,KI,1617405184
37,fortuna,40.5982,-124.1573,57.99,76,1,14.97,US,1617405185
38,vardo,70.3705,31.1107,30.78,78,95,7.25,NO,1617405185
39,atikokan,48.7555,-91.6216,44.53,55,100,11.72,CA,1617405185
40,north bend,50.3333,3.6667,43.0,81,90,9.22,FR,1617405186
41,atuona,-9.8,-139.0333,80.42,81,26,13.2,PF,1617405186
42,port alfred,-7.0349,29.7638,71.92,78,1,5.28,CD,1617405186
43,bengkulu,-3.8004,102.2655,75.0,89,79,6.42,ID,1617405187
44,nabire,-3.3667,135.4833,78.03,90,100,1.59,ID,1617405187
45,new norfolk,6.6518,-10.5932,80.6,94,20,1.88,LR,1617405187
46,tasiilaq,65.6145,-37.6368,30.2,86,75,11.5,GL,1617405188
47,hermanus,-34.4187,19.2345,60.01,78,69,3.0,ZA,1617405188
48,wattegama,6.7989,81.4808,72.95,87,15,2.48,LK,1617405188
49,shenkursk,62.1091,42.896,27.43,97,100,1.07,RU,1617405189
50,srednekolymsk,67.45,153.6833,-8.68,91,90,3.47,RU,1617405189
51,leningradskiy,69.3833,178.4167,-12.15,94,98,2.93,RU,1617405189
52,jamestown,42.097,-79.2353,34.0,43,1,10.36,US,1617405190
53,vila franca do campo,42.0304,-8.1588,52.0,93,100,2.73,PT,1617405190
54,dikson,73.5069,80.5464,-18.45,84,91,5.01,RU,1617405190
55,panjab,34.388,67.0233,32.56,62,2,3.38,AF,1617405191
56,saint-philippe,-21.3585,55.7679,77.0,94,75,16.11,RE,1617405191
57,severo-yeniseyskiy,60.3725,93.0408,22.62,93,99,8.41,RU,1617405191
58,mount isa,53.6597,-1.8537,41.0,83,5,4.0,GB,1617405192
59,mollendo,-17.0231,-72.0147,69.75,81,42,6.53,PE,1617405192
60,straumen,63.8709,11.2999,37.99,87,75,11.5,NO,1617405193
61,saint-leu,-21.15,55.2833,77.0,94,75,16.11,RE,1617405193
62,dingle,10.9995,122.6711,77.9,84,78,7.58,PH,1617405194
63,hun,29.1268,15.9477,66.36,25,0,9.31,LY,1617405194
64,mar del plata,43.4002,-4.0094,57.2,88,90,10.36,ES,1617405195
65,hilo,19.7297,-155.09,80.6,57,40,10.36,US,1617404998
66,uglegorsk,49.0833,142.0333,38.16,78,100,17.65,RU,1617405195
67,buraydah,26.326,43.975,71.6,26,0,9.22,SA,1617405195
68,guerrero negro,17.6667,-100.0,86.43,23,2,7.85,MX,1617405196
69,busselton,-33.65,115.3333,63.0,83,100,1.99,AU,1617405196
70,barrow,71.2906,-156.7887,-11.2,70,1,3.44,US,1617405196
71,kodiak,57.79,-152.4072,41.0,30,90,8.05,US,1617405197
72,cherskiy,68.75,161.3,3.31,72,100,5.7,RU,1617405197
73,tuktoyaktuk,69.4541,-133.0374,-13.0,70,75,6.91,CA,1617405197
74,adrar,20.5022,-10.0711,85.12,6,94,9.84,MR,1617405198
75,shimoda,34.6667,138.95,55.99,77,48,1.01,JP,1617405198
76,bafoussam,5.4737,10.4179,65.68,55,79,3.04,CM,1617405198
77,vila do maio,42.0304,-8.1588,52.0,93,100,2.73,PT,1617405199
78,ancud,-41.8697,-73.8203,57.0,71,90,4.61,CL,1617405199
79,sur,22.5667,59.5289,83.77,31,65,7.87,OM,1617404906
80,hasaki,35.7333,140.8333,61.0,67,20,4.61,JP,1617405199
81,cayenne,4.9333,-52.3333,78.01,94,0,1.14,GF,1617405200
82,kahului,20.8947,-156.47,80.6,61,20,21.85,US,1617405200
83,arraial do cabo,-22.8362,-46.646,73.0,64,0,17.27,BR,1617405200
84,kafue,-15.7691,28.1814,60.8,88,0,2.3,ZM,1617405201
85,okakarara,-20.5833,17.4333,65.1,49,8,4.03,NA,1617405201
86,punta arenas,8.9897,125.34,76.28,87,96,3.8,PH,1617405201
87,mattawa,46.7379,-119.9028,66.2,22,1,4.61,US,1617405202
88,khatanga,71.9667,102.5,-33.29,99,9,4.61,RU,1617405202
89,mahebourg,-20.4081,57.7,75.2,100,40,1.14,MU,1617405202
90,kiunga,-6.1219,141.2906,73.89,98,99,2.24,PG,1617405203
91,saskylakh,71.9167,114.0833,-35.75,100,61,2.51,RU,1617405203
92,vaini,-21.2,-175.2,82.4,83,75,5.75,TO,1617405203
93,deoria,26.5047,83.7872,60.8,63,1,2.66,IN,1617405204
94,egvekinot,66.3167,-179.1667,-0.94,78,100,18.99,RU,1617405204
95,tessalit,20.1986,1.0114,77.58,8,0,9.42,ML,1617405204
96,necochea,-38.5473,-58.7368,63.0,75,85,3.0,AR,1617405205
97,yellowknife,62.456,-114.3525,8.01,72,90,6.91,CA,1617405205
98,tiznit,29.5833,-9.5,58.46,75,45,2.24,MA,1617405205
99,manzhouli,49.6,117.4333,26.38,65,0,9.73,CN,1617405206
100,miandrivazo,-19.5167,45.4667,76.78,86,89,1.66,MG,1617405206
101,yerbogachen,61.2767,108.0108,13.59,94,100,8.95,RU,1617405206
102,kampene,-3.6,26.6667,67.03,99,100,1.97,CD,1617405207
103,sri aman,30.0381,-8.7951,60.8,88,0,2.48,MA,1617405207
104,grindavik,63.8424,-22.4338,41.0,93,90,19.57,IS,1617405207
105,nizhniy tsasuchey,45.3926,39.2364,48.2,81,75,8.95,RU,1617405208
106,isangel,-19.55,169.2667,80.6,94,90,4.29,VU,1617405209
107,samoded,63.6083,40.5111,29.68,98,100,0.34,RU,1617405210
108,chokurdakh,70.6333,147.9167,-11.83,100,98,2.59,RU,1617405210
109,ada,43.4166,-116.1262,73.0,15,1,5.75,US,1617405210
110,zeya,53.75,127.2667,18.1,73,85,16.2,RU,1617405210
111,thompson,55.7435,-97.8558,48.2,34,20,17.27,CA,1617405211
112,telimele,10.9167,-13.3333,72.61,82,8,2.89,GN,1617405211
113,east london,65.0,-15.0,42.8,45,0,3.44,IS,1617405211
114,kapaa,22.0752,-159.319,77.0,88,90,8.05,US,1617405212
115,ribeira grande,42.7461,-8.4439,55.0,87,90,5.75,ES,1617405010
116,aksarka,66.5606,67.7975,29.71,98,100,4.0,RU,1617405212
117,gizo,-8.103,156.8419,84.38,70,100,7.0,SB,1617405212
118,maloy,61.9353,5.1136,39.2,70,90,6.91,NO,1617405213
119,qianan,44.9932,124.0581,40.19,26,100,13.91,CN,1617405213
120,stranda,62.3096,6.9358,35.01,91,89,2.13,NO,1617405213
121,chara,56.9064,118.2631,-0.78,82,47,0.69,RU,1617405214
122,tuatapere,-46.1333,167.6833,51.01,80,100,4.0,NZ,1617405214
123,martapura,-3.4167,114.85,75.2,100,96,1.14,ID,1617404986
124,neiafu,-18.65,-173.9833,86.0,66,40,9.22,TO,1617405214
125,pangnirtung,66.1451,-65.7125,-13.0,64,1,2.3,CA,1617405215
126,ochamchira,42.7121,41.4721,46.83,90,100,2.3,GE,1617405215
127,qaanaaq,77.484,-69.3632,-20.47,83,100,8.01,GL,1617405215
128,broome,42.2506,-75.833,32.0,37,1,14.97,US,1617405216
129,lompoc,34.6391,-120.4579,66.0,59,20,18.41,US,1617405040
130,alvinopolis,-20.1067,-43.0489,66.69,94,28,2.75,BR,1617405216
131,salina,38.8403,-97.6114,69.8,26,1,18.41,US,1617405216
132,alto araguaia,31.6505,-95.0727,66.2,29,1,4.61,US,1617405217
133,nome,64.5011,-165.4064,14.0,79,90,19.57,US,1617404924
134,kanigoro,-8.13,112.219,73.47,87,62,3.18,ID,1617405217
135,urucara,-2.5364,-57.76,75.27,97,94,2.98,BR,1617405070
136,katsuura,35.1333,140.3,60.8,63,20,5.75,JP,1617405218
137,ambilobe,-13.2,49.05,71.83,90,32,3.33,MG,1617405218
138,berlevag,70.8578,29.0864,28.89,82,91,6.53,NO,1617405218
139,hat yai,49.9464,18.2393,46.0,86,43,6.38,CZ,1617405219
140,manaquiri,-3.3167,-60.35,80.6,78,20,5.75,BR,1617405219
141,dangriga,16.9692,-88.2321,80.6,74,20,11.5,BZ,1617405219
142,kjollefjord,70.9457,27.3465,29.43,89,92,6.08,NO,1617405219
143,clyde river,41.3042,-82.9752,43.0,29,5,3.51,US,1617405220
144,aklavik,68.2191,-135.0107,-4.0,59,40,2.3,CA,1617405220
145,dargaville,-35.9333,173.8833,70.03,57,64,4.85,NZ,1617405220
146,mnogovershinnyy,53.9353,139.9242,30.79,99,100,4.59,RU,1617405221
147,pouembout,-21.1333,164.9,75.31,91,100,4.12,NC,1617405221
148,richards bay,46.8361,-95.9123,60.01,31,1,9.22,US,1617405221
149,bonavista,48.6499,-53.1147,50.0,66,99,4.61,CA,1617405222
150,mkuranga,-7.118,39.2078,71.17,96,100,5.21,TZ,1617405222
151,yulara,-25.2406,130.9889,71.6,37,0,11.5,AU,1617405222
152,cidreira,-30.1811,-50.2056,69.28,80,93,13.0,BR,1617405223
153,manbij,36.5281,37.9549,39.2,93,0,13.18,SY,1617405223
154,campeche,19.0,-90.5,85.5,40,6,8.77,MX,1617404958
155,codrington,-38.2667,141.9667,74.62,33,0,15.55,AU,1617405223
156,faanui,-16.4833,-151.75,81.72,69,0,1.79,PF,1617405224
157,georgetown,5.4112,100.3354,82.4,94,20,3.44,MY,1617405224
158,araouane,18.9048,-3.5265,82.2,9,2,10.78,ML,1617405224
159,baruun-urt,46.6806,113.2792,27.23,44,3,3.22,MN,1617405224
160,cabo san lucas,-8.2833,-35.0333,78.8,69,20,4.61,BR,1617405225
161,bela,25.9333,81.9833,71.13,9,0,5.55,IN,1617405225
162,mrakovo,52.7161,56.6244,25.18,89,72,4.52,RU,1617405225
163,ostrovnoy,68.0531,39.5131,23.7,94,90,7.14,RU,1617405226
164,nova friburgo,-5.5279,-46.7049,72.32,93,95,1.19,BR,1617405226
165,berdigestyakh,62.0989,126.6992,-10.19,98,93,5.64,RU,1617405226
166,lebu,-37.6167,-73.65,55.06,89,9,14.58,CL,1617405026
167,noyabrsk,63.1994,75.4507,28.11,97,100,6.64,RU,1617405227
168,geraldton,-28.7667,114.6,69.8,88,40,9.22,AU,1617405227
169,blairmore,49.6,-114.4353,60.8,22,18,14.97,CA,1617405227
170,borger,52.9233,6.7931,42.01,84,35,12.57,NL,1617405228
171,along,28.1667,94.7667,57.02,85,72,3.6,IN,1617405228
172,princeton,25.5384,-80.4089,71.6,60,75,18.41,US,1617405074
173,rudnogorsk,57.2639,103.7519,28.81,86,100,12.88,RU,1617405229
174,bonfim,3.0833,-59.95,87.64,47,96,11.27,BR,1617405229
175,chimbote,-9.0853,-78.5783,71.8,78,86,9.01,PE,1617405229
176,ilulissat,69.2167,-51.1,6.8,66,75,9.22,GL,1617405229
177,mount gambier,53.6597,-1.8537,41.0,83,5,4.0,GB,1617405192
178,north platte,50.3333,3.6667,43.0,81,90,9.22,FR,1617405230
179,ucluelet,48.9329,-125.5528,51.01,61,75,4.61,CA,1617405173
180,khomeyn,33.6423,50.0789,55.92,44,1,18.86,IR,1617405230
181,humaita,-7.5061,-63.0208,75.4,95,87,0.98,BR,1617405231
182,salisbury,51.0693,-1.7957,44.6,61,90,14.97,GB,1617405181
183,saldanha,-33.0117,17.9442,59.0,67,33,1.14,ZA,1617405231
184,mys shmidta,62.0589,48.6201,20.57,98,80,1.52,RU,1617405231
185,kodinsk,58.6881,99.1844,27.59,95,100,8.61,RU,1617405232
186,roald,62.5833,6.1333,39.2,75,90,9.22,NO,1617405232
187,morondava,-20.2833,44.2833,77.68,82,36,3.71,MG,1617405232
188,kaduqli,11.0167,29.7167,81.64,13,18,9.13,SD,1617405233
189,roebourne,-20.7833,117.1333,79.88,49,2,9.62,AU,1617405233
190,muros,42.7762,-9.0603,55.99,88,90,5.61,ES,1617405233
191,chicama,-7.8447,-79.1469,69.8,83,40,9.22,PE,1617405233
192,mareeba,-17.0,145.4333,79.0,69,40,14.97,AU,1617405234
193,maumere,-8.6199,122.2111,78.51,82,100,6.46,ID,1617405234
194,vychegodskiy,61.247,46.8984,24.58,97,98,0.43,RU,1617405234
195,salalah,17.0151,54.0924,75.2,73,0,4.61,OM,1617405235
196,margate,51.3813,1.3862,44.01,74,63,5.99,GB,1617405235
197,hambantota,6.1241,81.1185,79.54,86,42,14.27,LK,1617405235
198,wasilla,61.5814,-149.4394,30.2,40,1,3.44,US,1617405195
199,sao filipe,20.5113,76.2129,76.48,25,2,7.92,IN,1617405236
200,provideniya,64.3833,-173.3,11.32,88,100,14.83,RU,1617405236
201,maragogi,-9.0122,-35.2225,78.15,73,1,7.54,BR,1617405236
202,waw,7.7029,27.9953,77.49,18,76,4.16,SS,1617405237
203,barra patuca,-11.0894,-43.1417,76.06,75,84,2.3,BR,1617405237
204,batagay-alyta,67.8006,130.4114,-2.47,93,100,7.85,RU,1617405237
205,marawi,7.9986,124.2928,71.17,93,100,0.94,PH,1617405238
206,palana,59.1167,159.9667,11.44,89,98,13.69,RU,1617405238
207,victoria,22.2855,114.1577,78.01,85,1,3.2,HK,1617404961
208,krasnovishersk,60.4078,57.082,29.26,98,100,2.42,RU,1617405238
209,lima,-12.0432,-77.0282,73.99,68,0,8.05,PE,1617404967
210,elmira,42.0898,-76.8077,35.6,30,1,14.97,US,1617405239
211,sabang,5.8933,95.3214,83.34,72,100,16.24,ID,1617405239
212,narasannapeta,18.4167,84.05,81.09,81,100,3.98,IN,1617405239
213,pudozh,61.8099,36.5345,22.71,97,100,1.32,RU,1617405240
214,port hardy,-7.0349,29.7638,71.92,78,1,5.28,CD,1617405176
215,quelimane,-17.8786,36.8883,75.2,88,0,0.87,MZ,1617405240
216,olhao,37.0286,-7.8411,59.0,82,0,8.05,PT,1617405067
217,narrabri,-30.3167,149.7833,70.0,63,78,11.5,AU,1617405241
218,hithadhoo,-0.6,73.0833,83.44,75,90,19.22,MV,1617405241
219,kruisfontein,-34.0033,24.7314,55.0,95,0,1.01,ZA,1617405241
220,atasu,48.6814,71.6433,16.16,84,17,5.3,KZ,1617405242
221,port augusta,-7.0349,29.7638,71.92,78,1,5.28,CD,1617405186
222,marsaxlokk,35.8419,14.5431,61.0,100,20,5.75,MT,1617405242
223,bambous virieux,-20.2567,57.4061,75.99,100,75,3.44,MU,1617405242
224,tigil,57.8,158.6667,21.18,86,47,13.58,RU,1617405243
225,bluff,-46.6,168.3333,51.01,80,94,4.0,NZ,1617405243
226,haines junction,59.2286,-135.4441,42.8,45,1,12.66,US,1617405243
227,yar-sale,66.8333,70.8333,29.93,98,100,5.73,RU,1617405244
228,alta,69.9689,23.2717,28.4,74,75,5.75,NO,1617405244
229,westport,41.1415,-73.3579,36.0,38,90,4.61,US,1617405244
230,mari-turek,56.7895,49.6235,35.29,86,100,15.05,RU,1617405245
231,santa cruz,17.486,120.4348,79.48,67,10,4.21,PH,1617405245
232,kang,-23.6752,22.7876,72.07,39,21,3.91,BW,1617405245
233,catuday,16.2923,119.8062,78.04,69,8,7.56,PH,1617405246
234,bethel,41.3712,-73.414,33.01,50,100,8.81,US,1617405246
235,meulaboh,4.1363,96.1285,77.36,76,100,1.81,ID,1617405246
236,garoua,9.3,13.4,85.24,12,52,6.22,CM,1617405246
237,norman wells,35.2226,-97.4395,68.0,26,75,21.85,US,1617405163
238,rock sound,42.6667,-89.0668,51.8,19,40,18.41,US,1617405124
239,camacha,33.0833,-16.3333,60.8,67,75,9.22,PT,1617405247
240,souillac,-20.5167,57.5167,75.2,100,75,3.44,MU,1617405247
241,rio grande,38.3,21.7833,57.0,88,20,5.75,GR,1617405248
242,hurghada,27.2574,33.8129,63.52,38,0,14.72,EG,1617405248
243,carnarvon,-24.8667,113.6333,77.0,94,41,8.05,AU,1617405248
244,faya,18.3851,42.4509,64.4,72,0,1.34,SA,1617405248
245,booue,-0.0921,11.9385,72.64,97,100,0.67,GA,1617405249
246,itarema,-2.9248,-39.9167,80.4,79,8,12.68,BR,1617405249
247,berwick,41.0545,-76.2333,37.99,30,74,10.63,US,1617405250
248,kirakira,-10.4544,161.9205,85.21,67,88,5.93,SB,1617405250
249,puerto plata,36.5939,-6.233,59.0,94,0,6.91,ES,1617405250
250,prince rupert,52.9669,-108.3847,48.2,21,40,5.75,CA,1617405251
251,santa catarina de tepehuanes,17.486,120.4348,79.48,67,10,4.21,PH,1617405251
252,san jose,13.3034,-4.8956,86.32,7,8,9.53,ML,1617405251
253,pevek,69.7008,170.3133,-8.32,86,9,1.72,RU,1617405252
254,puerto leguizamo,36.5939,-6.233,59.0,94,0,6.91,ES,1617405252
255,vao,-22.6667,167.4833,74.73,87,100,30.62,NC,1617405252
256,chichimila,20.6167,-88.2167,74.16,57,100,6.44,MX,1617405253
257,wielun,51.221,18.5696,39.99,68,78,7.11,PL,1617405253
258,nicolas bravo,18.2348,-73.8167,77.32,74,20,5.79,HT,1617405253
259,neftcala,39.3742,49.2472,50.47,78,4,8.3,AZ,1617405254
260,kyaukse,21.6,96.1333,78.75,28,47,3.02,MM,1617405254
261,mayumba,-3.432,10.6554,79.83,85,100,4.32,GA,1617405254
262,san andres,13.3034,-4.8956,86.32,7,8,9.53,ML,1617405254
263,sibolga,1.7427,98.7792,75.92,83,100,3.31,ID,1617405255
264,mahibadhoo,3.7833,72.9667,82.53,78,25,13.65,MV,1617405255
265,paita,-5.0892,-81.1144,73.36,74,61,14.05,PE,1617405256
266,aksu,41.1231,80.2644,39.2,77,99,8.43,CN,1617405256
267,milkovo,54.7167,158.6167,24.93,57,1,4.79,RU,1617405256
268,dori,14.0354,-0.0345,81.72,8,0,10.09,BF,1617405257
269,turukhansk,65.8167,87.9833,5.85,87,100,11.54,RU,1617405257
270,san quintin,13.3034,-4.8956,86.32,7,8,9.53,ML,1617405254
271,ngunguru,-35.6167,174.5,71.01,72,46,1.99,NZ,1617405257
272,saint-augustin,51.226,-58.6502,35.42,99,100,5.26,CA,1617405258
273,belmonte,-15.8631,-38.8828,77.0,94,75,2.3,BR,1617405258
274,afareaitu,-17.55,-149.7833,89.6,58,40,4.61,PF,1617405258
275,talakan,50.3167,130.3667,27.57,54,99,17.56,RU,1617405259
276,powell,40.1578,-83.0752,45.0,24,1,5.75,US,1617405259
277,chuy,-33.6971,-53.4616,63.48,76,6,7.18,UY,1617405259
278,longyearbyen,78.2186,15.6401,21.2,73,75,9.22,SJ,1617405260
279,isiro,2.7739,27.616,65.35,96,68,2.06,CD,1617405260
280,cockburn town,-32.0833,141.0,69.8,43,0,6.91,AU,1617405261
281,rawah,34.4816,41.9093,53.58,59,60,20.74,IQ,1617405261
282,omboue,-1.5746,9.2618,78.71,89,90,5.73,GA,1617405261
283,kokkola,63.8385,23.1307,34.0,80,0,6.91,FI,1617405261
284,isa khel,32.0584,130.5988,62.6,88,75,13.8,JP,1617405262
285,vostok,46.4856,135.8833,35.11,96,100,7.36,RU,1617405262
286,kalmunai,7.4167,81.8167,76.98,85,5,4.18,LK,1617405262
287,touros,-5.1989,-35.4608,78.8,83,20,4.61,BR,1617405263
288,novoagansk,61.9449,76.6625,32.4,97,100,10.6,RU,1617405263
289,atar,20.5169,-13.0499,89.62,7,100,6.2,MR,1617405263
290,sorong,-0.8833,131.25,80.08,81,93,3.33,ID,1617405339
291,teknaf,20.8624,92.3058,72.82,90,1,3.6,BD,1617405339
292,lahij,13.1667,44.5833,75.99,39,1,0.63,YE,1617405339
293,gigmoto,13.7796,124.39,80.44,74,54,5.28,PH,1617405340
294,ode,7.7899,5.7117,78.49,69,81,4.83,NG,1617405340
295,brae,60.3964,-1.353,37.4,75,40,2.3,GB,1617405341
296,rawlins,41.7911,-107.2387,66.2,7,1,18.41,US,1617405341
297,rocha,-34.4833,-54.3333,60.24,87,18,5.28,UY,1617405056
298,port blair,-7.0349,29.7638,71.92,78,1,5.28,CD,1617405186
299,vila velha,42.0304,-8.1588,52.0,93,100,2.73,PT,1617405199
300,grand gaube,38.8755,-109.5012,75.2,8,1,5.75,US,1617405342
301,impfondo,1.6381,18.0667,74.35,82,100,3.09,CG,1617405342
302,pombia,45.653,8.6336,59.0,54,0,1.14,IT,1617405342
303,pacific grove,38.482,-90.7415,57.99,28,0,1.99,US,1617405343
304,yumen,40.2833,97.2,39.76,23,100,16.35,CN,1617405343
305,darhan,49.4867,105.9228,27.82,66,0,7.36,MN,1617405343
306,sambava,-14.2667,50.1667,75.25,88,63,10.83,MG,1617405140
307,velur,12.9333,79.1333,78.53,70,49,3.51,IN,1617405344
308,gimli,50.6336,-96.9907,46.4,49,95,8.05,CA,1617405344
309,biltine,14.5333,20.9167,78.44,11,3,17.6,TD,1617405344
310,zhangye,38.9342,100.4517,41.94,36,100,1.16,CN,1617405345
311,kotelnikovo,47.6317,43.1461,45.41,70,89,6.4,RU,1617405345
312,tecoanapa,16.5167,-98.75,86.31,59,2,11.32,MX,1617405345
313,kipini,-2.5257,40.5262,80.6,83,40,6.91,KE,1617405346
314,wloszczowa,50.8526,19.9659,41.0,1,89,3.8,PL,1617405346
315,kangaatsiaq,68.3065,-53.4641,10.76,63,83,18.28,GL,1617405346
316,ulaangom,49.9811,92.0667,25.41,53,0,3.15,MN,1617405135
317,praia,14.9215,-23.5087,75.2,46,0,19.57,CV,1617405329
318,caluquembe,-13.7833,14.6833,59.61,97,87,2.21,AO,1617405347
319,garowe,8.4054,48.4845,74.26,58,7,6.8,SO,1617405347
320,cap-aux-meules,47.3821,-61.8597,32.0,93,100,10.36,CA,1617405302
321,antofagasta,-23.65,-70.4,62.6,82,0,12.66,CL,1617405307
322,mpongwe,-13.5091,28.155,59.29,93,5,4.9,ZM,1617405347
323,fairbanks,64.8378,-147.7164,12.99,52,40,2.3,US,1617405099
324,ahuimanu,21.4447,-157.8378,80.6,54,75,12.66,US,1617405348
325,ugoofaaru,5.6667,73.0,82.62,75,6,10.69,MV,1617405348
326,shingu,33.7333,135.9833,62.6,67,75,9.22,JP,1617405348
327,manggar,-2.8833,108.2667,79.57,83,29,7.07,ID,1617405349
328,cananea,30.95,-110.3,81.0,13,0,5.99,MX,1617405349
329,abnub,27.2696,31.1511,59.45,37,0,5.59,EG,1617405349
330,minot,48.2325,-101.2963,68.0,14,1,16.11,US,1617405350
331,sibu,2.3,111.8167,73.4,94,20,1.3,MY,1617405350
332,nouadhibou,20.931,-17.0347,68.0,77,0,14.97,MR,1617405291
333,bukachacha,52.9833,116.9167,18.07,73,7,2.77,RU,1617405351
334,nikolskoye,59.7035,30.7861,34.0,86,20,4.47,RU,1617405351
335,imbituba,-28.24,-48.6703,73.4,78,75,6.91,BR,1617405351
336,aitape,-3.1374,142.3475,78.21,88,100,3.53,PG,1617405352
337,arroyo,41.6096,-4.7969,52.0,93,0,8.05,ES,1617405352
338,sola,-13.8833,167.55,82.62,75,96,10.36,VU,1617405352
339,kilrush,52.6397,-9.4833,42.8,75,0,4.61,IE,1617405353
340,terney,45.0503,136.6092,43.63,71,100,6.15,RU,1617405353
341,kismayo,-0.3582,42.5454,81.54,81,31,11.1,SO,1617405306
342,xichang,27.8964,102.2634,44.96,77,0,2.91,CN,1617405353
343,kavieng,-2.5744,150.7967,84.87,73,99,9.82,PG,1617405354
344,nishihara,26.1842,127.7558,73.4,100,90,3.44,JP,1617405354
345,xining,36.6167,101.7667,29.97,93,99,2.15,CN,1617405354
346,sitka,57.0531,-135.33,37.4,87,90,10.36,US,1617405355
347,naze,28.3667,129.4833,69.8,94,75,17.27,JP,1617405162
348,portland,45.5234,-122.6762,64.0,36,1,4.61,US,1617404520
349,mumbwa,-14.9783,27.0619,61.18,86,60,5.17,ZM,1617405355
350,les cayes,42.8108,0.7105,44.01,76,91,0.87,ES,1617405355
351,teahupoo,-17.8333,-149.2667,89.6,58,40,4.61,PF,1617405356
352,baykit,61.67,96.37,14.81,97,99,1.05,RU,1617405356
353,nushki,29.5542,66.0215,67.33,24,2,0.74,PK,1617405356
354,kailua,21.4022,-157.7394,80.6,54,75,12.66,US,1617405167
355,siparia,10.1333,-61.5,78.01,85,77,13.76,TT,1617405357
356,trinidad,-14.8333,-64.9,77.0,88,90,4.03,BO,1617405357
357,olinda,-8.0089,-34.8553,78.8,69,20,4.61,BR,1617405129
358,machaneng,-23.1862,27.4886,70.39,44,0,3.69,BW,1617405075
359,sakaiminato,35.55,133.2333,66.2,55,20,3.44,JP,1617405358
360,bilma,18.6853,12.9164,71.02,12,23,4.61,NE,1617405358
361,svetlogorsk,52.6333,29.7333,35.15,72,68,5.41,BY,1617405358
362,qiongshan,20.0058,110.3542,75.2,94,0,6.71,CN,1617405359
363,uaua,-9.8414,-39.4817,84.34,31,41,7.76,BR,1617405359
364,dmitriyevka,54.75,55.3333,28.4,86,0,4.47,RU,1617405359
365,xinyu,27.8043,114.9334,60.08,92,96,3.76,CN,1617405360
366,yanam,16.7333,82.2167,77.85,97,68,4.41,IN,1617405360
367,linfen,36.0889,111.5189,50.97,79,99,3.56,CN,1617405360
368,buluang,13.3068,123.3425,76.64,81,53,2.95,PH,1617405360
369,araceli,10.5529,119.9913,83.14,70,65,15.59,PH,1617405361
370,deputatskiy,69.3,139.9,-8.12,99,100,3.44,RU,1617405361
371,ivanava,52.1451,25.5365,36.34,59,29,4.72,BY,1617405361
372,jiwani,25.05,61.7417,79.56,62,0,8.77,PK,1617405362
373,whitehorse,60.7161,-135.0538,30.2,40,20,4.61,CA,1617405362
374,xingyi,24.1877,102.817,54.3,40,0,2.57,CN,1617405362
375,malakal,9.5334,31.6605,86.49,14,78,7.52,SS,1617405363
376,gamba,-2.65,10.0,78.48,86,99,3.15,GA,1617405363
377,alice springs,27.7523,-98.0697,75.2,40,1,16.11,US,1617405363
378,aldan,58.6031,125.3894,3.79,95,100,2.26,RU,1617405364
379,sangar,63.9242,127.4739,-13.95,99,100,0.54,RU,1617405364
380,kununurra,-15.7667,128.7333,77.0,73,100,9.22,AU,1617405364
381,luganville,-15.5333,167.1667,84.76,70,100,4.0,VU,1617405365
382,kloulklubed,7.0419,134.2556,82.4,78,75,4.61,PW,1617405365
383,hazleton,40.9584,-75.9746,35.01,27,1,12.66,US,1617405365
384,manta,-0.95,-80.7333,80.6,78,75,9.22,EC,1617405366
385,zainsk,55.3195,52.0694,35.6,75,0,17.9,RU,1617405324
386,kaarina,60.4072,22.369,35.01,80,0,5.75,FI,1617405182
387,port-cartier,50.0334,-66.8654,28.99,74,75,10.36,CA,1617405366
388,ostersund,63.1792,14.6357,28.99,80,70,13.8,SE,1617405366
389,flinders,-34.5833,150.8552,71.01,82,0,1.99,AU,1617405367
390,visby,57.6409,18.296,35.01,93,90,12.08,SE,1617405367
391,kutum,14.2,24.6667,67.8,17,3,13.8,SD,1617405367
392,sironko,1.2313,34.2477,65.44,87,85,3.27,UG,1617405368
393,presidente prudente,-29.9461,-50.1113,69.22,82,92,11.61,BR,1617405368
394,ylivieska,64.0833,24.55,33.01,90,79,7.0,FI,1617405368
395,yakovlevka,44.425,133.4772,40.71,77,100,4.03,RU,1617405369
396,mulatupo,8.9492,-77.7652,79.39,87,100,12.35,PA,1617405369
397,port-gentil,-0.7193,8.7815,78.8,94,20,4.61,GA,1617405369
398,bronnoysund,65.4625,12.1997,33.8,93,75,6.91,NO,1617405370
399,saint-louis,16.3333,-15.0,91.4,29,0,8.14,SN,1617405370
400,oume,35.7839,139.2431,61.0,72,1,4.23,JP,1617405370
401,bubaque,11.2833,-15.8333,76.15,80,2,18.68,GW,1617405371
402,luderitz,-26.6481,15.1594,69.8,49,0,14.83,NA,1617405371
403,kaitangata,-46.2817,169.8464,53.01,62,89,4.0,NZ,1617405371
404,ordu,40.9086,37.6845,46.4,100,75,5.03,TR,1617405372
405,nam tha,29.424,90.9129,32.77,50,2,3.96,CN,1617405372
406,port hedland,-7.0349,29.7638,71.92,78,1,5.28,CD,1617405372
407,carroll,39.5501,-77.0164,41.0,30,95,3.0,US,1617405373
408,cabedelo,-6.9811,-34.8339,78.8,89,0,4.61,BR,1617405373
409,lucapa,-8.4192,20.7447,66.61,95,63,1.3,AO,1617405373
410,zalantun,48.0,122.7167,31.32,27,0,16.35,CN,1617405373
411,teterow,53.7833,12.5667,41.0,75,20,10.36,DE,1617405374
412,levelland,33.5873,-102.378,69.8,28,20,21.85,US,1617405374
413,moree,-29.4667,149.85,69.8,56,79,9.22,AU,1617405375
414,tawau,4.2498,117.8871,75.2,94,20,1.14,MY,1617405375
415,upernavik,72.7868,-56.1549,-15.66,98,100,7.78,GL,1617405375
416,scarborough,54.2797,-0.4044,42.01,79,4,4.0,GB,1617405376
417,san cristobal,13.3034,-4.8956,86.32,7,8,9.53,ML,1617405161
418,kashi,39.4547,75.9797,37.4,87,75,4.47,CN,1617405376
419,polis,35.0367,32.4264,59.0,72,75,12.66,CY,1617405376
420,bentiu,9.2333,29.8333,81.95,16,20,5.55,SS,1617405377
421,astana,51.1801,71.446,12.2,85,0,7.27,KZ,1617405377
422,nanortalik,60.1432,-45.2371,35.67,98,100,0.29,GL,1617405377
423,campo gobierno,41.1852,-8.4649,57.2,94,20,1.14,PT,1617405378
424,riverton,40.5219,-111.9391,73.99,28,1,14.97,US,1617405350
425,lagoa,39.05,-27.9833,60.71,83,100,28.61,PT,1617405378
426,goma,-1.6792,29.2228,64.4,94,90,4.61,CD,1617405378
427,tokur,53.1333,132.9,18.27,90,100,15.03,RU,1617405379
428,kimbe,-5.5502,150.1429,78.28,90,99,1.88,PG,1617405379
429,mazyr,52.0495,29.2456,35.29,70,69,4.99,BY,1617405379
430,olafsvik,64.8945,-23.7142,41.54,91,83,21.56,IS,1617405380
431,pontal do parana,-21.0225,-48.0372,75.2,53,0,8.01,BR,1617405380
432,alyangula,-13.8483,136.4192,82.27,63,76,9.6,AU,1617405380
433,hay river,52.0705,-3.1274,42.01,78,2,1.01,GB,1617405381
434,tilichiki,60.4667,166.1,10.99,78,82,5.84,RU,1617405381
435,port macquarie,-7.0349,29.7638,71.92,78,1,5.28,CD,1617405381
436,muli,2.9167,73.5667,82.81,76,15,15.1,MV,1617405382
437,gadwal,16.2333,77.8,81.97,19,27,7.61,IN,1617405382
438,hovd,48.0056,91.6419,25.41,37,0,3.27,MN,1617405382
439,camopi,3.1655,-52.3158,71.6,99,100,2.55,GF,1617405382
440,gorontalo,0.5412,123.0595,78.55,91,86,2.95,ID,1617405383
441,makubetsu,45.3714,141.8211,43.34,63,100,21.74,JP,1617405383
442,markova,48.6758,24.4138,34.16,80,33,3.98,UA,1617405383
443,ivybridge,50.3904,-3.9191,46.0,66,0,10.0,GB,1617405384
444,inuvik,68.3499,-133.7218,-0.4,50,100,3.56,CA,1617405384
445,batesville,35.7698,-91.641,55.4,35,1,9.22,US,1617405385
446,tsiroanomandidy,-18.7667,46.0333,63.48,90,7,3.06,MG,1617405385
447,jatai,-17.8814,-51.7144,68.86,80,29,1.41,BR,1617405385
448,matangad,8.5769,124.37,79.99,80,100,3.06,PH,1617405385
449,creel,27.75,-107.6333,69.78,20,39,20.85,MX,1617405386
450,hofn,64.2539,-15.2082,43.81,60,2,8.66,IS,1617405386
451,santa rosa,17.486,120.4348,79.48,67,10,4.21,PH,1617405245
452,plettenberg bay,51.2167,7.8833,41.0,77,87,4.0,DE,1617405386
453,araguaina,-7.1911,-48.2072,74.44,91,26,2.39,BR,1617405387
454,beringovskiy,63.05,179.3167,8.71,85,99,13.76,RU,1617405387
455,balezino,57.9796,53.0106,35.22,87,100,13.8,RU,1617405387
456,sakakah,29.9697,40.2064,55.4,38,0,19.57,SA,1617405388
457,navahrudak,53.6,25.8333,33.85,84,89,5.7,BY,1617405388
458,nizwa,22.9333,57.5333,76.37,23,24,1.79,OM,1617405389
459,oistins,13.0667,-59.5333,78.8,57,20,17.27,BB,1617405126
460,fort nelson,52.6517,6.3861,41.0,80,15,1.99,NL,1617405389
461,keti bandar,40.8737,43.8448,26.6,80,20,2.3,AM,1617405389
462,maua,-23.6678,-46.4614,64.99,82,75,10.36,BR,1617405390
463,coihaique,-45.5752,-72.0662,57.2,67,75,3.44,CL,1617405390
464,ziro,27.6333,93.8333,41.63,90,33,3.0,IN,1617405390
465,dunedin,-45.8742,170.5036,54.0,66,58,8.99,NZ,1617405391
466,nadym,65.5333,72.5167,27.3,97,100,8.01,RU,1617405243
467,hamilton,39.1834,-84.5333,48.2,23,1,4.61,US,1617405203
468,luwuk,-0.9516,122.7875,81.36,74,91,1.57,ID,1617405391
469,victor harbor,42.9826,-77.4089,36.0,35,0,1.99,US,1617405392
470,xuddur,4.1213,43.8894,76.17,70,61,14.36,SO,1617405392
471,cap malheureux,49.2718,-1.2104,45.0,75,90,14.97,FR,1617405392
472,kachiry,53.0675,76.1036,21.61,87,80,11.18,KZ,1617405393
473,ishigaki,24.3448,124.1572,75.2,100,40,2.3,JP,1617405393
474,luanda,-8.8368,13.2343,80.6,89,75,6.91,AO,1617405219
475,haapiti,-17.5667,-149.8667,89.6,58,40,4.61,PF,1617405394
476,tambacounda,13.7539,-13.7586,93.2,46,0,4.61,SN,1617405394
477,linxia,35.6003,103.2064,35.17,99,100,1.95,CN,1617405394
478,polyarnyy,69.1989,33.4478,26.6,93,40,2.24,RU,1617405395
479,barnstaple,51.0802,-4.0581,44.01,76,2,4.0,GB,1617405395
480,kamenka,51.3223,42.7678,42.01,69,61,9.4,RU,1617405395
481,qarayeri,40.7886,46.3066,50.0,62,40,13.8,AZ,1617405395
482,villa maria,46.2039,10.1339,51.01,46,2,8.03,IT,1617405396
483,chumikan,54.7183,135.315,27.95,95,100,21.63,RU,1617405396
484,lake cowichan,42.3334,-88.0006,48.99,42,1,11.5,US,1617405303
485,elliot lake,-31.3333,27.85,51.67,95,100,3.33,ZA,1617405397
486,solnechnyy,50.7214,136.6319,41.65,75,59,6.46,RU,1617405397
487,skelleftea,64.7507,20.9528,32.0,64,8,9.22,SE,1617405397
488,valparaiso,-33.0393,-71.6273,59.0,77,0,9.22,CL,1617405391
489,maniitsoq,65.4167,-52.9,8.24,79,98,6.53,GL,1617405398
490,owando,-0.4819,15.8999,71.13,96,100,4.65,CG,1617405398
491,labuhan,-6.8844,112.2051,78.1,86,67,4.12,ID,1617405398
492,verkhnevilyuysk,63.4453,120.3167,-13.67,96,55,6.17,RU,1617405399
493,yeppoon,-23.1333,150.7333,75.2,64,90,11.5,AU,1617405399
494,bahia blanca,-12.0,-42.0,72.48,65,96,2.42,BR,1617405399
495,mabama,-5.1333,32.5333,69.8,83,75,4.12,TZ,1617405400
496,axim,4.8699,-2.2405,79.29,90,56,8.97,GH,1617405400
497,soto la marina,-32.8107,-61.4026,66.99,61,34,1.99,AR,1617405400
498,gewane,10.1664,40.6453,76.28,23,3,1.21,ET,1617405375
499,bay saint louis,43.7334,-84.0166,46.4,27,1,10.36,US,1617405401
500,puerto palomas,36.5939,-6.233,59.0,88,0,3.44,ES,1617405177
501,figeac,44.75,1.9167,53.6,76,0,2.3,FR,1617405401
502,port moresby,-7.0349,29.7638,71.92,78,1,5.28,CD,1617405186
503,colares,38.7992,-9.4469,59.0,80,90,4.0,PT,1617405401
504,bonthe,7.5264,-12.505,79.45,87,69,4.83,SL,1617405402
505,mahina,-17.5065,-149.489,89.6,58,40,4.61,PF,1617405402
506,tsabong,-26.0217,22.401,78.35,32,24,4.65,BW,1617405403
507,mandalgovi,45.7625,106.2708,28.06,39,15,8.75,MN,1617405187
508,esperance,-33.8667,121.9,64.4,88,90,9.22,AU,1617405403
509,kapoeta,4.7717,33.5903,79.48,53,75,3.13,SS,1617405403
510,micheweni,-4.9667,39.8333,78.78,86,77,12.41,TZ,1617405404
511,bandarbeyla,9.4942,50.8122,76.91,78,7,4.09,SO,1617405404
512,cizre,37.3272,42.1903,50.0,76,75,9.22,TR,1617405404
513,harper,4.375,-7.7169,78.84,89,50,8.01,LR,1617405405
514,liverpool,53.4106,-2.9779,46.4,71,6,6.91,GB,1617405181
515,iqaluit,63.7506,-68.5145,-7.6,64,1,2.44,CA,1617405405
516,taoudenni,22.6783,-3.9836,88.61,8,59,9.15,ML,1617405405
517,moerai,-22.4333,-151.3333,80.06,70,37,17.54,PF,1617405406
518,moose factory,43.6558,-110.7183,55.4,28,1,9.22,US,1617405406
519,archidona,37.0965,-4.3887,63.0,66,20,13.0,ES,1617405406
520,muravlenko,63.7898,74.523,27.3,97,100,7.38,RU,1617405407
521,hokitika,-42.7167,170.9667,57.56,67,93,5.88,NZ,1617405407
522,natal,-5.795,-35.2094,80.6,78,20,6.91,BR,1617405256
523,coquimbo,-29.9533,-71.3436,59.0,82,0,6.91,CL,1617405280
524,nabinagar,23.8917,90.9733,84.2,70,75,8.05,BD,1617405211
525,jalu,29.0331,21.5482,61.25,31,0,6.15,LY,1617405408
526,chitral,35.8462,71.7858,37.27,41,0,10.33,PK,1617405408
527,tytuvenai,55.6,23.2,30.2,93,20,6.91,LT,1617405408
528,klaksvik,62.2266,-6.589,42.8,87,75,17.27,FO,1617405409
529,asfi,32.2994,-9.2372,59.07,86,36,15.99,MA,1617405409
530,marsh harbour,53.6512,-1.8078,42.01,83,5,5.01,GB,1617405409
531,kochevo,59.5994,54.3125,32.0,99,100,4.32,RU,1617405410
532,novikovo,51.1537,37.8879,42.91,91,100,6.67,RU,1617405410
533,tall kayf,46.7397,11.2269,51.01,34,6,7.09,IT,1617405410
534,khash,28.2211,61.2158,64.96,17,0,3.27,IR,1617405411
535,santa vitoria do palmar,17.486,120.4348,79.48,67,10,4.21,PH,1617405411
536,sisimiut,66.9395,-53.6735,7.09,80,90,5.37,GL,1617405411
537,santa maria,17.486,120.4348,79.48,67,10,4.21,PH,1617405251
538,healdsburg,38.6105,-122.8692,72.0,45,40,9.22,US,1617405360
539,uray,60.1247,64.7758,27.37,95,92,5.84,RU,1617405412
540,sorland,67.667,12.6934,37.49,61,100,17.45,NO,1617405412
541,san jeronimo,13.3034,-4.8956,86.32,7,8,9.53,ML,1617405161
542,bar harbor,49.0772,27.6826,35.56,79,10,6.55,UA,1617405412
543,mani,4.8172,-72.2886,81.28,62,94,1.19,CO,1617405413
544,sao joao da barra,20.5113,76.2129,76.48,25,2,7.92,IN,1617405413
545,bismarck,46.8083,-100.7837,71.6,14,1,14.97,US,1617405160
546,petropavlovsk-kamchatskiy,53.0452,158.6483,32.0,55,4,11.18,RU,1617405413
547,college,64.8569,-147.8028,12.99,56,75,2.57,US,1617405414
548,merke,42.8728,73.1786,32.34,41,0,8.05,KZ,1617405414
549,matamoros,25.5333,-103.25,87.8,23,75,9.22,MX,1617405414
550,kemijarvi,66.7131,27.4306,24.42,98,95,2.24,FI,1617405415
551,zharkovskiy,55.849,32.2697,29.57,95,100,3.13,RU,1617405415
552,bukama,-9.2,25.85,68.04,95,5,1.92,CD,1617405415
553,jumla,29.2747,82.1838,35.83,31,0,7.7,NP,1617405416
554,nicosia,35.1667,33.3667,50.0,71,0,8.05,CY,1617405416
555,akyab,20.15,92.9,76.41,85,0,5.08,MM,1617405416
556,skibbereen,51.55,-9.2667,42.8,87,20,6.91,IE,1617405417
557,osakarovka,50.565,72.5692,11.7,94,47,6.35,KZ,1617405417
558,banda aceh,25.4833,80.3333,73.85,8,0,7.27,IN,1617405417
559,itoman,26.1247,127.6694,73.4,94,75,4.61,JP,1617405418
560,betioky,-23.7167,44.3833,68.58,69,1,4.07,MG,1617405418
561,sao felix do xingu,20.5113,76.2129,76.48,25,2,7.92,IN,1617405418
562,linqiong,30.4159,103.4609,55.4,100,87,4.47,CN,1617405419
563,teguldet,57.3064,88.1667,28.76,96,100,10.89,RU,1617405419
564,aligudarz,33.4006,49.6949,51.82,52,1,17.52,IR,1617405304
565,kawhia,-38.0651,174.8183,69.01,35,22,1.99,NZ,1617405419
566,statesboro,32.4488,-81.7832,57.2,24,1,3.44,US,1617405227
